agencies,email
APM Model Management, INFO@APMMODELS.COM
Crawford Models, info@crawfordmodels.com
DNA Models, submission.men@dnamodels.com
Elite  City, becomeelite@elitemodels.com
Fenton Model Management, fm@fentonmodels.com
Ford Models, ny@fordmodels.com
Fusion Models, INFO@FUSIONMODELSNYC.COM
HEROES Model Management, info@heroesmodels.com
IconicFocus Models, lori@iconicfocus.com
IDENTITY, contact@theidentitymodels.com
JAG Models,jag@jagmodels.com
Major Model Management, info@majormodel.com
Marilyn Agency, info@marilyn-ny.com
Muse Management, info@musenyc.com
Model Management,INFO@NEWYORKMODELS.COM
ONE Management, info@onemanagement.com
Q Model Management NY, nyc@qmanagementinc.com
Soul Artist Management,info@soulartistmanagement.com
STATE Management, NYC@STATEMGMT.COM
Supreme Management, info@suprememanagement.com
The Industry, infoNY@theindustrymodelmgmt.com
The Lions, info@thelionsny.com
The Society Management, info@thesocietymanagement.com
VNY Models, info@vnymodels.com
28Models, info@28models.com
BICOASTAL MGMT, info@bicoastalmgmt.com
BMG , Newyork@bmgmodels.com
Bridge Models , info@bridgeagency.com
Canvas Management, info@canvasmgt.com
CARAS MANAGEMENT, info@carasmanagement.com
EMG Models, info@emgmodels.com
Mondays Management, hi@mondaysmgmt.com
New Icon , andrew@newiconny.com
NEW Scouting & Management, joe@newscoutingmanagement.com
Official Model Management, info@officialmodelsny.com
reMADE Management, hello@remademgmt.com
STRUT Models, info@strutmodels.com
The Model CoOp, info@themodelcoop.com
We Speak, info@wespeakmodels.com
Al Models , casting@almodelsny.com
AMR Agency, casting@almodelsny.com
ANTHM, info@anthm.agency
Caliber Models, info@thecalibermodels.com
Claude Model Management, inquire@claudemodelmanagement.com
Community , info@communitynewyork.com
Coven Management, info@covenmanagement.com
Curv Management, info@curvmgmt.com
Dreamland, hello@dreamlandagency.com
Ethos Model Management, info@ethosmodels.com
FOCUS MGMT, Focusmgmt01@gmail.com
Genetics Model Management, geneticsnyc@gmail.com
HELLO MGMT NYC, hello@hello-mgmt.com
KEV MGMT, info@kevmgmt.com
Kollektiv Mgmt, info@kollektiv-mgmt.com
Lipps NYC, info@lipps.la
Matris Opus Management, scout@matrisopus.com
No Agency , bookings@noagency.nyc
Nova Management, info@nova-management.com
Parts Models, partsmodels@aol.com
Ricky Michiels Management, studio@rickymichiels.com
Scouts Honour,info@ascoutshonour.com
The Management NYC, info@themanagementnyc.com
The Outfit, info@theoutfitnewyork.com
True Model Management, info@TRUEmodel.net
unite unite,team@unite-unite.com
VIE Model & Talent Agency, info@vieagency.com
Wilson Model Management, info@wilsonmodelmgmt.com
Yanii Models, info@yaniimodels.com
skorpion mgmt,CONTACT@SKORPIONMGMT.COM
brigade models,info@brigeidagency.com